,Component,Asp.Rack,Asp.Posi,Dsp.Rack,Dsp.Posi,Volume,Note
0,TU_0_1,Stocking_plate_1,B1,Lv1_destination_1,A1,8.4,(P)CCW12
1,TU_0_1,Stocking_plate_2,B1,Lv1_destination_1,A1,8.4,(C)Venus
2,TU_0_1,Stocking_plate_1,C4,Lv1_destination_1,A1,8.4,(T)ADH1
3,TU_0_1,Stocking_plate_1,A5,Lv1_destination_1,A1,8.4,(N)1|2
4,TU_0_1,GGAmix_plate,A1,Lv1_destination_1,A1,8.4,GGAmixture
5,TU_0_2,Stocking_plate_1,B1,Lv1_destination_1,A2,8.4,(P)CCW12
6,TU_0_2,Stocking_plate_2,B1,Lv1_destination_1,A2,8.4,(C)Venus
7,TU_0_2,Stocking_plate_1,C4,Lv1_destination_1,A2,8.4,(T)ADH1
8,TU_0_2,Stocking_plate_1,A5,Lv1_destination_1,A2,8.4,(N)1|2
9,TU_0_2,GGAmix_plate,A1,Lv1_destination_1,A2,8.4,GGAmixture
10,TU_0_3,Stocking_plate_1,B1,Lv1_destination_1,A3,8.4,(P)CCW12
11,TU_0_3,Stocking_plate_2,B1,Lv1_destination_1,A3,8.4,(C)Venus
12,TU_0_3,Stocking_plate_1,C4,Lv1_destination_1,A3,8.4,(T)ADH1
13,TU_0_3,Stocking_plate_1,A5,Lv1_destination_1,A3,8.4,(N)1|2
14,TU_0_3,GGAmix_plate,A1,Lv1_destination_1,A3,8.4,GGAmixture
15,TU_0_4,Stocking_plate_1,B1,Lv1_destination_1,A4,8.4,(P)CCW12
16,TU_0_4,Stocking_plate_2,B1,Lv1_destination_1,A4,8.4,(C)Venus
17,TU_0_4,Stocking_plate_1,A4,Lv1_destination_1,A4,8.4,(T)ENO1
18,TU_0_4,Stocking_plate_1,A5,Lv1_destination_1,A4,8.4,(N)1|2
19,TU_0_4,GGAmix_plate,A1,Lv1_destination_1,A4,8.4,GGAmixture
20,TU_0_5,Stocking_plate_1,B1,Lv1_destination_1,A5,8.4,(P)CCW12
21,TU_0_5,Stocking_plate_2,B1,Lv1_destination_1,A5,8.4,(C)Venus
22,TU_0_5,Stocking_plate_1,A4,Lv1_destination_1,A5,8.4,(T)ENO1
23,TU_0_5,Stocking_plate_1,A5,Lv1_destination_1,A5,8.4,(N)1|2
24,TU_0_5,GGAmix_plate,A1,Lv1_destination_1,A5,8.4,GGAmixture
25,TU_0_6,Stocking_plate_1,B1,Lv1_destination_1,A6,8.4,(P)CCW12
26,TU_0_6,Stocking_plate_2,B1,Lv1_destination_1,A6,8.4,(C)Venus
27,TU_0_6,Stocking_plate_1,A4,Lv1_destination_1,A6,8.4,(T)ENO1
28,TU_0_6,Stocking_plate_1,A5,Lv1_destination_1,A6,8.4,(N)1|2
29,TU_0_6,GGAmix_plate,A1,Lv1_destination_1,A6,8.4,GGAmixture
30,TU_0_7,Stocking_plate_1,B1,Lv1_destination_1,A7,8.4,(P)CCW12
31,TU_0_7,Stocking_plate_2,B1,Lv1_destination_1,A7,8.4,(C)Venus
32,TU_0_7,Stocking_plate_1,B4,Lv1_destination_1,A7,8.4,(T)ISSA1
33,TU_0_7,Stocking_plate_1,A5,Lv1_destination_1,A7,8.4,(N)1|2
34,TU_0_7,GGAmix_plate,A1,Lv1_destination_1,A7,8.4,GGAmixture
35,TU_0_8,Stocking_plate_1,B1,Lv1_destination_1,A8,8.4,(P)CCW12
36,TU_0_8,Stocking_plate_2,B1,Lv1_destination_1,A8,8.4,(C)Venus
37,TU_0_8,Stocking_plate_1,B4,Lv1_destination_1,A8,8.4,(T)ISSA1
38,TU_0_8,Stocking_plate_1,A5,Lv1_destination_1,A8,8.4,(N)1|2
39,TU_0_8,GGAmix_plate,A1,Lv1_destination_1,A8,8.4,GGAmixture
40,TU_0_9,Stocking_plate_1,B1,Lv1_destination_1,A9,8.4,(P)CCW12
41,TU_0_9,Stocking_plate_2,B1,Lv1_destination_1,A9,8.4,(C)Venus
42,TU_0_9,Stocking_plate_1,B4,Lv1_destination_1,A9,8.4,(T)ISSA1
43,TU_0_9,Stocking_plate_1,A5,Lv1_destination_1,A9,8.4,(N)1|2
44,TU_0_9,GGAmix_plate,A1,Lv1_destination_1,A9,8.4,GGAmixture
45,TU_0_10,Stocking_plate_1,B1,Lv1_destination_1,A10,8.4,(P)CCW12
46,TU_0_10,Stocking_plate_2,C1,Lv1_destination_1,A10,8.4,(C)mRuby2
47,TU_0_10,Stocking_plate_1,C4,Lv1_destination_1,A10,8.4,(T)ADH1
48,TU_0_10,Stocking_plate_1,B6,Lv1_destination_1,A10,8.4,(N)2|e
49,TU_0_10,GGAmix_plate,A1,Lv1_destination_1,A10,8.4,GGAmixture
50,TU_0_11,Stocking_plate_1,B1,Lv1_destination_1,A11,8.4,(P)CCW12
51,TU_0_11,Stocking_plate_2,C1,Lv1_destination_1,A11,8.4,(C)mRuby2
52,TU_0_11,Stocking_plate_1,C4,Lv1_destination_1,A11,8.4,(T)ADH1
53,TU_0_11,Stocking_plate_1,B6,Lv1_destination_1,A11,8.4,(N)2|e
54,TU_0_11,GGAmix_plate,A1,Lv1_destination_1,A11,8.4,GGAmixture
55,TU_0_12,Stocking_plate_1,B1,Lv1_destination_1,A12,8.4,(P)CCW12
56,TU_0_12,Stocking_plate_2,C1,Lv1_destination_1,A12,8.4,(C)mRuby2
57,TU_0_12,Stocking_plate_1,C4,Lv1_destination_1,A12,8.4,(T)ADH1
58,TU_0_12,Stocking_plate_1,B6,Lv1_destination_1,A12,8.4,(N)2|e
59,TU_0_12,GGAmix_plate,A1,Lv1_destination_1,A12,8.4,GGAmixture
60,TU_0_13,Stocking_plate_1,B1,Lv1_destination_1,B1,8.4,(P)CCW12
61,TU_0_13,Stocking_plate_2,C1,Lv1_destination_1,B1,8.4,(C)mRuby2
62,TU_0_13,Stocking_plate_1,A4,Lv1_destination_1,B1,8.4,(T)ENO1
63,TU_0_13,Stocking_plate_1,B6,Lv1_destination_1,B1,8.4,(N)2|e
64,TU_0_13,GGAmix_plate,A1,Lv1_destination_1,B1,8.4,GGAmixture
65,TU_0_14,Stocking_plate_1,B1,Lv1_destination_1,B2,8.4,(P)CCW12
66,TU_0_14,Stocking_plate_2,C1,Lv1_destination_1,B2,8.4,(C)mRuby2
67,TU_0_14,Stocking_plate_1,A4,Lv1_destination_1,B2,8.4,(T)ENO1
68,TU_0_14,Stocking_plate_1,B6,Lv1_destination_1,B2,8.4,(N)2|e
69,TU_0_14,GGAmix_plate,A1,Lv1_destination_1,B2,8.4,GGAmixture
70,TU_0_15,Stocking_plate_1,B1,Lv1_destination_1,B3,8.4,(P)CCW12
71,TU_0_15,Stocking_plate_2,C1,Lv1_destination_1,B3,8.4,(C)mRuby2
72,TU_0_15,Stocking_plate_1,A4,Lv1_destination_1,B3,8.4,(T)ENO1
73,TU_0_15,Stocking_plate_1,B6,Lv1_destination_1,B3,8.4,(N)2|e
74,TU_0_15,GGAmix_plate,A1,Lv1_destination_1,B3,8.4,GGAmixture
75,TU_0_16,Stocking_plate_1,B1,Lv1_destination_1,B4,8.4,(P)CCW12
76,TU_0_16,Stocking_plate_2,C1,Lv1_destination_1,B4,8.4,(C)mRuby2
77,TU_0_16,Stocking_plate_1,B4,Lv1_destination_1,B4,8.4,(T)ISSA1
78,TU_0_16,Stocking_plate_1,B6,Lv1_destination_1,B4,8.4,(N)2|e
79,TU_0_16,GGAmix_plate,A1,Lv1_destination_1,B4,8.4,GGAmixture
80,TU_0_17,Stocking_plate_1,B1,Lv1_destination_1,B5,8.4,(P)CCW12
81,TU_0_17,Stocking_plate_2,C1,Lv1_destination_1,B5,8.4,(C)mRuby2
82,TU_0_17,Stocking_plate_1,B4,Lv1_destination_1,B5,8.4,(T)ISSA1
83,TU_0_17,Stocking_plate_1,B6,Lv1_destination_1,B5,8.4,(N)2|e
84,TU_0_17,GGAmix_plate,A1,Lv1_destination_1,B5,8.4,GGAmixture
85,TU_0_18,Stocking_plate_1,B1,Lv1_destination_1,B6,8.4,(P)CCW12
86,TU_0_18,Stocking_plate_2,C1,Lv1_destination_1,B6,8.4,(C)mRuby2
87,TU_0_18,Stocking_plate_1,B4,Lv1_destination_1,B6,8.4,(T)ISSA1
88,TU_0_18,Stocking_plate_1,B6,Lv1_destination_1,B6,8.4,(N)2|e
89,TU_0_18,GGAmix_plate,A1,Lv1_destination_1,B6,8.4,GGAmixture
90,TU_0_19,Stocking_plate_1,B1,Lv1_destination_1,B7,8.4,(P)CCW12
91,TU_0_19,Stocking_plate_2,A1,Lv1_destination_1,B7,8.4,(C)mTurquiose2
92,TU_0_19,Stocking_plate_1,C4,Lv1_destination_1,B7,8.4,(T)ADH1
93,TU_0_19,Stocking_plate_1,A6,Lv1_destination_1,B7,8.4,(N)s|1
94,TU_0_19,GGAmix_plate,A1,Lv1_destination_1,B7,8.4,GGAmixture
95,TU_0_20,Stocking_plate_1,B1,Lv1_destination_1,B8,8.4,(P)CCW12
96,TU_0_20,Stocking_plate_2,A1,Lv1_destination_1,B8,8.4,(C)mTurquiose2
97,TU_0_20,Stocking_plate_1,C4,Lv1_destination_1,B8,8.4,(T)ADH1
98,TU_0_20,Stocking_plate_1,A6,Lv1_destination_1,B8,8.4,(N)s|1
99,TU_0_20,GGAmix_plate,A1,Lv1_destination_1,B8,8.4,GGAmixture
100,TU_0_21,Stocking_plate_1,B1,Lv1_destination_1,B9,8.4,(P)CCW12
101,TU_0_21,Stocking_plate_2,A1,Lv1_destination_1,B9,8.4,(C)mTurquiose2
102,TU_0_21,Stocking_plate_1,C4,Lv1_destination_1,B9,8.4,(T)ADH1
103,TU_0_21,Stocking_plate_1,A6,Lv1_destination_1,B9,8.4,(N)s|1
104,TU_0_21,GGAmix_plate,A1,Lv1_destination_1,B9,8.4,GGAmixture
105,TU_0_22,Stocking_plate_1,B1,Lv1_destination_1,B10,8.4,(P)CCW12
106,TU_0_22,Stocking_plate_2,A1,Lv1_destination_1,B10,8.4,(C)mTurquiose2
107,TU_0_22,Stocking_plate_1,A4,Lv1_destination_1,B10,8.4,(T)ENO1
108,TU_0_22,Stocking_plate_1,A6,Lv1_destination_1,B10,8.4,(N)s|1
109,TU_0_22,GGAmix_plate,A1,Lv1_destination_1,B10,8.4,GGAmixture
110,TU_0_23,Stocking_plate_1,B1,Lv1_destination_1,B11,8.4,(P)CCW12
111,TU_0_23,Stocking_plate_2,A1,Lv1_destination_1,B11,8.4,(C)mTurquiose2
112,TU_0_23,Stocking_plate_1,A4,Lv1_destination_1,B11,8.4,(T)ENO1
113,TU_0_23,Stocking_plate_1,A6,Lv1_destination_1,B11,8.4,(N)s|1
114,TU_0_23,GGAmix_plate,A1,Lv1_destination_1,B11,8.4,GGAmixture
115,TU_0_24,Stocking_plate_1,B1,Lv1_destination_1,B12,8.4,(P)CCW12
116,TU_0_24,Stocking_plate_2,A1,Lv1_destination_1,B12,8.4,(C)mTurquiose2
117,TU_0_24,Stocking_plate_1,A4,Lv1_destination_1,B12,8.4,(T)ENO1
118,TU_0_24,Stocking_plate_1,A6,Lv1_destination_1,B12,8.4,(N)s|1
119,TU_0_24,GGAmix_plate,A1,Lv1_destination_1,B12,8.4,GGAmixture
120,TU_0_25,Stocking_plate_1,B1,Lv1_destination_1,C1,8.4,(P)CCW12
121,TU_0_25,Stocking_plate_2,A1,Lv1_destination_1,C1,8.4,(C)mTurquiose2
122,TU_0_25,Stocking_plate_1,B4,Lv1_destination_1,C1,8.4,(T)ISSA1
123,TU_0_25,Stocking_plate_1,A6,Lv1_destination_1,C1,8.4,(N)s|1
124,TU_0_25,GGAmix_plate,A1,Lv1_destination_1,C1,8.4,GGAmixture
125,TU_0_26,Stocking_plate_1,B1,Lv1_destination_1,C2,8.4,(P)CCW12
126,TU_0_26,Stocking_plate_2,A1,Lv1_destination_1,C2,8.4,(C)mTurquiose2
127,TU_0_26,Stocking_plate_1,B4,Lv1_destination_1,C2,8.4,(T)ISSA1
128,TU_0_26,Stocking_plate_1,A6,Lv1_destination_1,C2,8.4,(N)s|1
129,TU_0_26,GGAmix_plate,A1,Lv1_destination_1,C2,8.4,GGAmixture
130,TU_0_27,Stocking_plate_1,B1,Lv1_destination_1,C3,8.4,(P)CCW12
131,TU_0_27,Stocking_plate_2,A1,Lv1_destination_1,C3,8.4,(C)mTurquiose2
132,TU_0_27,Stocking_plate_1,B4,Lv1_destination_1,C3,8.4,(T)ISSA1
133,TU_0_27,Stocking_plate_1,A6,Lv1_destination_1,C3,8.4,(N)s|1
134,TU_0_27,GGAmix_plate,A1,Lv1_destination_1,C3,8.4,GGAmixture
135,TU_0_28,Stocking_plate_1,A3,Lv1_destination_1,C4,8.4,(P)RAD27
136,TU_0_28,Stocking_plate_2,B1,Lv1_destination_1,C4,8.4,(C)Venus
137,TU_0_28,Stocking_plate_1,C4,Lv1_destination_1,C4,8.4,(T)ADH1
138,TU_0_28,Stocking_plate_1,A5,Lv1_destination_1,C4,8.4,(N)1|2
139,TU_0_28,GGAmix_plate,A1,Lv1_destination_1,C4,8.4,GGAmixture
140,TU_0_29,Stocking_plate_1,A3,Lv1_destination_1,C5,8.4,(P)RAD27
141,TU_0_29,Stocking_plate_2,B1,Lv1_destination_1,C5,8.4,(C)Venus
142,TU_0_29,Stocking_plate_1,C4,Lv1_destination_1,C5,8.4,(T)ADH1
143,TU_0_29,Stocking_plate_1,A5,Lv1_destination_1,C5,8.4,(N)1|2
144,TU_0_29,GGAmix_plate,A1,Lv1_destination_1,C5,8.4,GGAmixture
145,TU_0_30,Stocking_plate_1,A3,Lv1_destination_1,C6,8.4,(P)RAD27
146,TU_0_30,Stocking_plate_2,B1,Lv1_destination_1,C6,8.4,(C)Venus
147,TU_0_30,Stocking_plate_1,C4,Lv1_destination_1,C6,8.4,(T)ADH1
148,TU_0_30,Stocking_plate_1,A5,Lv1_destination_1,C6,8.4,(N)1|2
149,TU_0_30,GGAmix_plate,A1,Lv1_destination_1,C6,8.4,GGAmixture
150,TU_0_31,Stocking_plate_1,A3,Lv1_destination_1,C7,8.4,(P)RAD27
151,TU_0_31,Stocking_plate_2,B1,Lv1_destination_1,C7,8.4,(C)Venus
152,TU_0_31,Stocking_plate_1,A4,Lv1_destination_1,C7,8.4,(T)ENO1
153,TU_0_31,Stocking_plate_1,A5,Lv1_destination_1,C7,8.4,(N)1|2
154,TU_0_31,GGAmix_plate,A1,Lv1_destination_1,C7,8.4,GGAmixture
155,TU_0_32,Stocking_plate_1,A3,Lv1_destination_1,C8,8.4,(P)RAD27
156,TU_0_32,Stocking_plate_2,B1,Lv1_destination_1,C8,8.4,(C)Venus
157,TU_0_32,Stocking_plate_1,A4,Lv1_destination_1,C8,8.4,(T)ENO1
158,TU_0_32,Stocking_plate_1,A5,Lv1_destination_1,C8,8.4,(N)1|2
159,TU_0_32,GGAmix_plate,A1,Lv1_destination_1,C8,8.4,GGAmixture
160,TU_0_33,Stocking_plate_1,A3,Lv1_destination_1,C9,8.4,(P)RAD27
161,TU_0_33,Stocking_plate_2,B1,Lv1_destination_1,C9,8.4,(C)Venus
162,TU_0_33,Stocking_plate_1,A4,Lv1_destination_1,C9,8.4,(T)ENO1
163,TU_0_33,Stocking_plate_1,A5,Lv1_destination_1,C9,8.4,(N)1|2
164,TU_0_33,GGAmix_plate,A1,Lv1_destination_1,C9,8.4,GGAmixture
165,TU_0_34,Stocking_plate_1,A3,Lv1_destination_1,C10,8.4,(P)RAD27
166,TU_0_34,Stocking_plate_2,B1,Lv1_destination_1,C10,8.4,(C)Venus
167,TU_0_34,Stocking_plate_1,B4,Lv1_destination_1,C10,8.4,(T)ISSA1
168,TU_0_34,Stocking_plate_1,A5,Lv1_destination_1,C10,8.4,(N)1|2
169,TU_0_34,GGAmix_plate,A1,Lv1_destination_1,C10,8.4,GGAmixture
170,TU_0_35,Stocking_plate_1,A3,Lv1_destination_1,C11,8.4,(P)RAD27
171,TU_0_35,Stocking_plate_2,B1,Lv1_destination_1,C11,8.4,(C)Venus
172,TU_0_35,Stocking_plate_1,B4,Lv1_destination_1,C11,8.4,(T)ISSA1
173,TU_0_35,Stocking_plate_1,A5,Lv1_destination_1,C11,8.4,(N)1|2
174,TU_0_35,GGAmix_plate,A1,Lv1_destination_1,C11,8.4,GGAmixture
175,TU_0_36,Stocking_plate_1,A3,Lv1_destination_1,C12,8.4,(P)RAD27
176,TU_0_36,Stocking_plate_2,B1,Lv1_destination_1,C12,8.4,(C)Venus
177,TU_0_36,Stocking_plate_1,B4,Lv1_destination_1,C12,8.4,(T)ISSA1
178,TU_0_36,Stocking_plate_1,A5,Lv1_destination_1,C12,8.4,(N)1|2
179,TU_0_36,GGAmix_plate,A1,Lv1_destination_1,C12,8.4,GGAmixture
180,TU_0_37,Stocking_plate_1,A3,Lv1_destination_1,D1,8.4,(P)RAD27
181,TU_0_37,Stocking_plate_2,C1,Lv1_destination_1,D1,8.4,(C)mRuby2
182,TU_0_37,Stocking_plate_1,C4,Lv1_destination_1,D1,8.4,(T)ADH1
183,TU_0_37,Stocking_plate_1,B6,Lv1_destination_1,D1,8.4,(N)2|e
184,TU_0_37,GGAmix_plate,A1,Lv1_destination_1,D1,8.4,GGAmixture
185,TU_0_38,Stocking_plate_1,A3,Lv1_destination_1,D2,8.4,(P)RAD27
186,TU_0_38,Stocking_plate_2,C1,Lv1_destination_1,D2,8.4,(C)mRuby2
187,TU_0_38,Stocking_plate_1,C4,Lv1_destination_1,D2,8.4,(T)ADH1
188,TU_0_38,Stocking_plate_1,B6,Lv1_destination_1,D2,8.4,(N)2|e
189,TU_0_38,GGAmix_plate,A1,Lv1_destination_1,D2,8.4,GGAmixture
190,TU_0_39,Stocking_plate_1,A3,Lv1_destination_1,D3,8.4,(P)RAD27
191,TU_0_39,Stocking_plate_2,C1,Lv1_destination_1,D3,8.4,(C)mRuby2
192,TU_0_39,Stocking_plate_1,C4,Lv1_destination_1,D3,8.4,(T)ADH1
193,TU_0_39,Stocking_plate_1,B6,Lv1_destination_1,D3,8.4,(N)2|e
194,TU_0_39,GGAmix_plate,A1,Lv1_destination_1,D3,8.4,GGAmixture
195,TU_0_40,Stocking_plate_1,A3,Lv1_destination_1,D4,8.4,(P)RAD27
196,TU_0_40,Stocking_plate_2,C1,Lv1_destination_1,D4,8.4,(C)mRuby2
197,TU_0_40,Stocking_plate_1,A4,Lv1_destination_1,D4,8.4,(T)ENO1
198,TU_0_40,Stocking_plate_1,B6,Lv1_destination_1,D4,8.4,(N)2|e
199,TU_0_40,GGAmix_plate,A1,Lv1_destination_1,D4,8.4,GGAmixture
200,TU_0_41,Stocking_plate_1,A3,Lv1_destination_1,D5,8.4,(P)RAD27
201,TU_0_41,Stocking_plate_2,C1,Lv1_destination_1,D5,8.4,(C)mRuby2
202,TU_0_41,Stocking_plate_1,A4,Lv1_destination_1,D5,8.4,(T)ENO1
203,TU_0_41,Stocking_plate_1,B6,Lv1_destination_1,D5,8.4,(N)2|e
204,TU_0_41,GGAmix_plate,A1,Lv1_destination_1,D5,8.4,GGAmixture
205,TU_0_42,Stocking_plate_1,A3,Lv1_destination_1,D6,8.4,(P)RAD27
206,TU_0_42,Stocking_plate_2,C1,Lv1_destination_1,D6,8.4,(C)mRuby2
207,TU_0_42,Stocking_plate_1,A4,Lv1_destination_1,D6,8.4,(T)ENO1
208,TU_0_42,Stocking_plate_1,B6,Lv1_destination_1,D6,8.4,(N)2|e
209,TU_0_42,GGAmix_plate,A1,Lv1_destination_1,D6,8.4,GGAmixture
210,TU_0_43,Stocking_plate_1,A3,Lv1_destination_1,D7,8.4,(P)RAD27
211,TU_0_43,Stocking_plate_2,C1,Lv1_destination_1,D7,8.4,(C)mRuby2
212,TU_0_43,Stocking_plate_1,B4,Lv1_destination_1,D7,8.4,(T)ISSA1
213,TU_0_43,Stocking_plate_1,B6,Lv1_destination_1,D7,8.4,(N)2|e
214,TU_0_43,GGAmix_plate,A1,Lv1_destination_1,D7,8.4,GGAmixture
215,TU_0_44,Stocking_plate_1,A3,Lv1_destination_1,D8,8.4,(P)RAD27
216,TU_0_44,Stocking_plate_2,C1,Lv1_destination_1,D8,8.4,(C)mRuby2
217,TU_0_44,Stocking_plate_1,B4,Lv1_destination_1,D8,8.4,(T)ISSA1
218,TU_0_44,Stocking_plate_1,B6,Lv1_destination_1,D8,8.4,(N)2|e
219,TU_0_44,GGAmix_plate,A1,Lv1_destination_1,D8,8.4,GGAmixture
220,TU_0_45,Stocking_plate_1,A3,Lv1_destination_1,D9,8.4,(P)RAD27
221,TU_0_45,Stocking_plate_2,C1,Lv1_destination_1,D9,8.4,(C)mRuby2
222,TU_0_45,Stocking_plate_1,B4,Lv1_destination_1,D9,8.4,(T)ISSA1
223,TU_0_45,Stocking_plate_1,B6,Lv1_destination_1,D9,8.4,(N)2|e
224,TU_0_45,GGAmix_plate,A1,Lv1_destination_1,D9,8.4,GGAmixture
225,TU_0_46,Stocking_plate_1,A3,Lv1_destination_1,D10,8.4,(P)RAD27
226,TU_0_46,Stocking_plate_2,A1,Lv1_destination_1,D10,8.4,(C)mTurquiose2
227,TU_0_46,Stocking_plate_1,C4,Lv1_destination_1,D10,8.4,(T)ADH1
228,TU_0_46,Stocking_plate_1,A6,Lv1_destination_1,D10,8.4,(N)s|1
229,TU_0_46,GGAmix_plate,A1,Lv1_destination_1,D10,8.4,GGAmixture
230,TU_0_47,Stocking_plate_1,A3,Lv1_destination_1,D11,8.4,(P)RAD27
231,TU_0_47,Stocking_plate_2,A1,Lv1_destination_1,D11,8.4,(C)mTurquiose2
232,TU_0_47,Stocking_plate_1,C4,Lv1_destination_1,D11,8.4,(T)ADH1
233,TU_0_47,Stocking_plate_1,A6,Lv1_destination_1,D11,8.4,(N)s|1
234,TU_0_47,GGAmix_plate,A1,Lv1_destination_1,D11,8.4,GGAmixture
235,TU_0_48,Stocking_plate_1,A3,Lv1_destination_1,D12,8.4,(P)RAD27
236,TU_0_48,Stocking_plate_2,A1,Lv1_destination_1,D12,8.4,(C)mTurquiose2
237,TU_0_48,Stocking_plate_1,C4,Lv1_destination_1,D12,8.4,(T)ADH1
238,TU_0_48,Stocking_plate_1,A6,Lv1_destination_1,D12,8.4,(N)s|1
239,TU_0_48,GGAmix_plate,A1,Lv1_destination_1,D12,8.4,GGAmixture
240,TU_0_49,Stocking_plate_1,A3,Lv1_destination_1,E1,8.4,(P)RAD27
241,TU_0_49,Stocking_plate_2,A1,Lv1_destination_1,E1,8.4,(C)mTurquiose2
242,TU_0_49,Stocking_plate_1,A4,Lv1_destination_1,E1,8.4,(T)ENO1
243,TU_0_49,Stocking_plate_1,A6,Lv1_destination_1,E1,8.4,(N)s|1
244,TU_0_49,GGAmix_plate,A1,Lv1_destination_1,E1,8.4,GGAmixture
245,TU_0_50,Stocking_plate_1,A3,Lv1_destination_1,E2,8.4,(P)RAD27
246,TU_0_50,Stocking_plate_2,A1,Lv1_destination_1,E2,8.4,(C)mTurquiose2
247,TU_0_50,Stocking_plate_1,A4,Lv1_destination_1,E2,8.4,(T)ENO1
248,TU_0_50,Stocking_plate_1,A6,Lv1_destination_1,E2,8.4,(N)s|1
249,TU_0_50,GGAmix_plate,A1,Lv1_destination_1,E2,8.4,GGAmixture
250,TU_0_51,Stocking_plate_1,A3,Lv1_destination_1,E3,8.4,(P)RAD27
251,TU_0_51,Stocking_plate_2,A1,Lv1_destination_1,E3,8.4,(C)mTurquiose2
252,TU_0_51,Stocking_plate_1,A4,Lv1_destination_1,E3,8.4,(T)ENO1
253,TU_0_51,Stocking_plate_1,A6,Lv1_destination_1,E3,8.4,(N)s|1
254,TU_0_51,GGAmix_plate,A1,Lv1_destination_1,E3,8.4,GGAmixture
255,TU_0_52,Stocking_plate_1,A3,Lv1_destination_1,E4,8.4,(P)RAD27
256,TU_0_52,Stocking_plate_2,A1,Lv1_destination_1,E4,8.4,(C)mTurquiose2
257,TU_0_52,Stocking_plate_1,B4,Lv1_destination_1,E4,8.4,(T)ISSA1
258,TU_0_52,Stocking_plate_1,A6,Lv1_destination_1,E4,8.4,(N)s|1
259,TU_0_52,GGAmix_plate,A1,Lv1_destination_1,E4,8.4,GGAmixture
260,TU_0_53,Stocking_plate_1,A3,Lv1_destination_1,E5,8.4,(P)RAD27
261,TU_0_53,Stocking_plate_2,A1,Lv1_destination_1,E5,8.4,(C)mTurquiose2
262,TU_0_53,Stocking_plate_1,B4,Lv1_destination_1,E5,8.4,(T)ISSA1
263,TU_0_53,Stocking_plate_1,A6,Lv1_destination_1,E5,8.4,(N)s|1
264,TU_0_53,GGAmix_plate,A1,Lv1_destination_1,E5,8.4,GGAmixture
265,TU_0_54,Stocking_plate_1,A3,Lv1_destination_1,E6,8.4,(P)RAD27
266,TU_0_54,Stocking_plate_2,A1,Lv1_destination_1,E6,8.4,(C)mTurquiose2
267,TU_0_54,Stocking_plate_1,B4,Lv1_destination_1,E6,8.4,(T)ISSA1
268,TU_0_54,Stocking_plate_1,A6,Lv1_destination_1,E6,8.4,(N)s|1
269,TU_0_54,GGAmix_plate,A1,Lv1_destination_1,E6,8.4,GGAmixture
270,TU_0_55,Stocking_plate_1,A2,Lv1_destination_1,E7,8.4,(P)RPL18B
271,TU_0_55,Stocking_plate_2,B1,Lv1_destination_1,E7,8.4,(C)Venus
272,TU_0_55,Stocking_plate_1,C4,Lv1_destination_1,E7,8.4,(T)ADH1
273,TU_0_55,Stocking_plate_1,A5,Lv1_destination_1,E7,8.4,(N)1|2
274,TU_0_55,GGAmix_plate,A1,Lv1_destination_1,E7,8.4,GGAmixture
275,TU_0_56,Stocking_plate_1,A2,Lv1_destination_1,E8,8.4,(P)RPL18B
276,TU_0_56,Stocking_plate_2,B1,Lv1_destination_1,E8,8.4,(C)Venus
277,TU_0_56,Stocking_plate_1,C4,Lv1_destination_1,E8,8.4,(T)ADH1
278,TU_0_56,Stocking_plate_1,A5,Lv1_destination_1,E8,8.4,(N)1|2
279,TU_0_56,GGAmix_plate,A1,Lv1_destination_1,E8,8.4,GGAmixture
280,TU_0_57,Stocking_plate_1,A2,Lv1_destination_1,E9,8.4,(P)RPL18B
281,TU_0_57,Stocking_plate_2,B1,Lv1_destination_1,E9,8.4,(C)Venus
282,TU_0_57,Stocking_plate_1,C4,Lv1_destination_1,E9,8.4,(T)ADH1
283,TU_0_57,Stocking_plate_1,A5,Lv1_destination_1,E9,8.4,(N)1|2
284,TU_0_57,GGAmix_plate,A1,Lv1_destination_1,E9,8.4,GGAmixture
285,TU_0_58,Stocking_plate_1,A2,Lv1_destination_1,E10,8.4,(P)RPL18B
286,TU_0_58,Stocking_plate_2,B1,Lv1_destination_1,E10,8.4,(C)Venus
287,TU_0_58,Stocking_plate_1,A4,Lv1_destination_1,E10,8.4,(T)ENO1
288,TU_0_58,Stocking_plate_1,A5,Lv1_destination_1,E10,8.4,(N)1|2
289,TU_0_58,GGAmix_plate,A1,Lv1_destination_1,E10,8.4,GGAmixture
290,TU_0_59,Stocking_plate_1,A2,Lv1_destination_1,E11,8.4,(P)RPL18B
291,TU_0_59,Stocking_plate_2,B1,Lv1_destination_1,E11,8.4,(C)Venus
292,TU_0_59,Stocking_plate_1,A4,Lv1_destination_1,E11,8.4,(T)ENO1
293,TU_0_59,Stocking_plate_1,A5,Lv1_destination_1,E11,8.4,(N)1|2
294,TU_0_59,GGAmix_plate,A1,Lv1_destination_1,E11,8.4,GGAmixture
295,TU_0_60,Stocking_plate_1,A2,Lv1_destination_1,E12,8.4,(P)RPL18B
296,TU_0_60,Stocking_plate_2,B1,Lv1_destination_1,E12,8.4,(C)Venus
297,TU_0_60,Stocking_plate_1,A4,Lv1_destination_1,E12,8.4,(T)ENO1
298,TU_0_60,Stocking_plate_1,A5,Lv1_destination_1,E12,8.4,(N)1|2
299,TU_0_60,GGAmix_plate,A1,Lv1_destination_1,E12,8.4,GGAmixture
300,TU_0_61,Stocking_plate_1,A2,Lv1_destination_1,F1,8.4,(P)RPL18B
301,TU_0_61,Stocking_plate_2,B1,Lv1_destination_1,F1,8.4,(C)Venus
302,TU_0_61,Stocking_plate_1,B4,Lv1_destination_1,F1,8.4,(T)ISSA1
303,TU_0_61,Stocking_plate_1,A5,Lv1_destination_1,F1,8.4,(N)1|2
304,TU_0_61,GGAmix_plate,A1,Lv1_destination_1,F1,8.4,GGAmixture
305,TU_0_62,Stocking_plate_1,A2,Lv1_destination_1,F2,8.4,(P)RPL18B
306,TU_0_62,Stocking_plate_2,B1,Lv1_destination_1,F2,8.4,(C)Venus
307,TU_0_62,Stocking_plate_1,B4,Lv1_destination_1,F2,8.4,(T)ISSA1
308,TU_0_62,Stocking_plate_1,A5,Lv1_destination_1,F2,8.4,(N)1|2
309,TU_0_62,GGAmix_plate,A1,Lv1_destination_1,F2,8.4,GGAmixture
310,TU_0_63,Stocking_plate_1,A2,Lv1_destination_1,F3,8.4,(P)RPL18B
311,TU_0_63,Stocking_plate_2,B1,Lv1_destination_1,F3,8.4,(C)Venus
312,TU_0_63,Stocking_plate_1,B4,Lv1_destination_1,F3,8.4,(T)ISSA1
313,TU_0_63,Stocking_plate_1,A5,Lv1_destination_1,F3,8.4,(N)1|2
314,TU_0_63,GGAmix_plate,A1,Lv1_destination_1,F3,8.4,GGAmixture
315,TU_0_64,Stocking_plate_1,A2,Lv1_destination_1,F4,8.4,(P)RPL18B
316,TU_0_64,Stocking_plate_2,C1,Lv1_destination_1,F4,8.4,(C)mRuby2
317,TU_0_64,Stocking_plate_1,C4,Lv1_destination_1,F4,8.4,(T)ADH1
318,TU_0_64,Stocking_plate_1,B6,Lv1_destination_1,F4,8.4,(N)2|e
319,TU_0_64,GGAmix_plate,A1,Lv1_destination_1,F4,8.4,GGAmixture
320,TU_0_65,Stocking_plate_1,A2,Lv1_destination_1,F5,8.4,(P)RPL18B
321,TU_0_65,Stocking_plate_2,C1,Lv1_destination_1,F5,8.4,(C)mRuby2
322,TU_0_65,Stocking_plate_1,C4,Lv1_destination_1,F5,8.4,(T)ADH1
323,TU_0_65,Stocking_plate_1,B6,Lv1_destination_1,F5,8.4,(N)2|e
324,TU_0_65,GGAmix_plate,A1,Lv1_destination_1,F5,8.4,GGAmixture
325,TU_0_66,Stocking_plate_1,A2,Lv1_destination_1,F6,8.4,(P)RPL18B
326,TU_0_66,Stocking_plate_2,C1,Lv1_destination_1,F6,8.4,(C)mRuby2
327,TU_0_66,Stocking_plate_1,C4,Lv1_destination_1,F6,8.4,(T)ADH1
328,TU_0_66,Stocking_plate_1,B6,Lv1_destination_1,F6,8.4,(N)2|e
329,TU_0_66,GGAmix_plate,A1,Lv1_destination_1,F6,8.4,GGAmixture
330,TU_0_67,Stocking_plate_1,A2,Lv1_destination_1,F7,8.4,(P)RPL18B
331,TU_0_67,Stocking_plate_2,C1,Lv1_destination_1,F7,8.4,(C)mRuby2
332,TU_0_67,Stocking_plate_1,A4,Lv1_destination_1,F7,8.4,(T)ENO1
333,TU_0_67,Stocking_plate_1,B6,Lv1_destination_1,F7,8.4,(N)2|e
334,TU_0_67,GGAmix_plate,A1,Lv1_destination_1,F7,8.4,GGAmixture
335,TU_0_68,Stocking_plate_1,A2,Lv1_destination_1,F8,8.4,(P)RPL18B
336,TU_0_68,Stocking_plate_2,C1,Lv1_destination_1,F8,8.4,(C)mRuby2
337,TU_0_68,Stocking_plate_1,A4,Lv1_destination_1,F8,8.4,(T)ENO1
338,TU_0_68,Stocking_plate_1,B6,Lv1_destination_1,F8,8.4,(N)2|e
339,TU_0_68,GGAmix_plate,A1,Lv1_destination_1,F8,8.4,GGAmixture
340,TU_0_69,Stocking_plate_1,A2,Lv1_destination_1,F9,8.4,(P)RPL18B
341,TU_0_69,Stocking_plate_2,C1,Lv1_destination_1,F9,8.4,(C)mRuby2
342,TU_0_69,Stocking_plate_1,A4,Lv1_destination_1,F9,8.4,(T)ENO1
343,TU_0_69,Stocking_plate_1,B6,Lv1_destination_1,F9,8.4,(N)2|e
344,TU_0_69,GGAmix_plate,A1,Lv1_destination_1,F9,8.4,GGAmixture
345,TU_0_70,Stocking_plate_1,A2,Lv1_destination_1,F10,8.4,(P)RPL18B
346,TU_0_70,Stocking_plate_2,C1,Lv1_destination_1,F10,8.4,(C)mRuby2
347,TU_0_70,Stocking_plate_1,B4,Lv1_destination_1,F10,8.4,(T)ISSA1
348,TU_0_70,Stocking_plate_1,B6,Lv1_destination_1,F10,8.4,(N)2|e
349,TU_0_70,GGAmix_plate,A1,Lv1_destination_1,F10,8.4,GGAmixture
350,TU_0_71,Stocking_plate_1,A2,Lv1_destination_1,F11,8.4,(P)RPL18B
351,TU_0_71,Stocking_plate_2,C1,Lv1_destination_1,F11,8.4,(C)mRuby2
352,TU_0_71,Stocking_plate_1,B4,Lv1_destination_1,F11,8.4,(T)ISSA1
353,TU_0_71,Stocking_plate_1,B6,Lv1_destination_1,F11,8.4,(N)2|e
354,TU_0_71,GGAmix_plate,A1,Lv1_destination_1,F11,8.4,GGAmixture
355,TU_0_72,Stocking_plate_1,A2,Lv1_destination_1,F12,8.4,(P)RPL18B
356,TU_0_72,Stocking_plate_2,C1,Lv1_destination_1,F12,8.4,(C)mRuby2
357,TU_0_72,Stocking_plate_1,B4,Lv1_destination_1,F12,8.4,(T)ISSA1
358,TU_0_72,Stocking_plate_1,B6,Lv1_destination_1,F12,8.4,(N)2|e
359,TU_0_72,GGAmix_plate,A1,Lv1_destination_1,F12,8.4,GGAmixture
360,TU_0_73,Stocking_plate_1,A2,Lv1_destination_1,G1,8.4,(P)RPL18B
361,TU_0_73,Stocking_plate_2,A1,Lv1_destination_1,G1,8.4,(C)mTurquiose2
362,TU_0_73,Stocking_plate_1,C4,Lv1_destination_1,G1,8.4,(T)ADH1
363,TU_0_73,Stocking_plate_1,A6,Lv1_destination_1,G1,8.4,(N)s|1
364,TU_0_73,GGAmix_plate,A1,Lv1_destination_1,G1,8.4,GGAmixture
365,TU_0_74,Stocking_plate_1,A2,Lv1_destination_1,G2,8.4,(P)RPL18B
366,TU_0_74,Stocking_plate_2,A1,Lv1_destination_1,G2,8.4,(C)mTurquiose2
367,TU_0_74,Stocking_plate_1,C4,Lv1_destination_1,G2,8.4,(T)ADH1
368,TU_0_74,Stocking_plate_1,A6,Lv1_destination_1,G2,8.4,(N)s|1
369,TU_0_74,GGAmix_plate,A1,Lv1_destination_1,G2,8.4,GGAmixture
370,TU_0_75,Stocking_plate_1,A2,Lv1_destination_1,G3,8.4,(P)RPL18B
371,TU_0_75,Stocking_plate_2,A1,Lv1_destination_1,G3,8.4,(C)mTurquiose2
372,TU_0_75,Stocking_plate_1,C4,Lv1_destination_1,G3,8.4,(T)ADH1
373,TU_0_75,Stocking_plate_1,A6,Lv1_destination_1,G3,8.4,(N)s|1
374,TU_0_75,GGAmix_plate,A1,Lv1_destination_1,G3,8.4,GGAmixture
375,TU_0_76,Stocking_plate_1,A2,Lv1_destination_1,G4,8.4,(P)RPL18B
376,TU_0_76,Stocking_plate_2,A1,Lv1_destination_1,G4,8.4,(C)mTurquiose2
377,TU_0_76,Stocking_plate_1,A4,Lv1_destination_1,G4,8.4,(T)ENO1
378,TU_0_76,Stocking_plate_1,A6,Lv1_destination_1,G4,8.4,(N)s|1
379,TU_0_76,GGAmix_plate,A1,Lv1_destination_1,G4,8.4,GGAmixture
380,TU_0_77,Stocking_plate_1,A2,Lv1_destination_1,G5,8.4,(P)RPL18B
381,TU_0_77,Stocking_plate_2,A1,Lv1_destination_1,G5,8.4,(C)mTurquiose2
382,TU_0_77,Stocking_plate_1,A4,Lv1_destination_1,G5,8.4,(T)ENO1
383,TU_0_77,Stocking_plate_1,A6,Lv1_destination_1,G5,8.4,(N)s|1
384,TU_0_77,GGAmix_plate,A1,Lv1_destination_1,G5,8.4,GGAmixture
385,TU_0_78,Stocking_plate_1,A2,Lv1_destination_1,G6,8.4,(P)RPL18B
386,TU_0_78,Stocking_plate_2,A1,Lv1_destination_1,G6,8.4,(C)mTurquiose2
387,TU_0_78,Stocking_plate_1,A4,Lv1_destination_1,G6,8.4,(T)ENO1
388,TU_0_78,Stocking_plate_1,A6,Lv1_destination_1,G6,8.4,(N)s|1
389,TU_0_78,GGAmix_plate,A1,Lv1_destination_1,G6,8.4,GGAmixture
390,TU_0_79,Stocking_plate_1,A2,Lv1_destination_1,G7,8.4,(P)RPL18B
391,TU_0_79,Stocking_plate_2,A1,Lv1_destination_1,G7,8.4,(C)mTurquiose2
392,TU_0_79,Stocking_plate_1,B4,Lv1_destination_1,G7,8.4,(T)ISSA1
393,TU_0_79,Stocking_plate_1,A6,Lv1_destination_1,G7,8.4,(N)s|1
394,TU_0_79,GGAmix_plate,A1,Lv1_destination_1,G7,8.4,GGAmixture
395,TU_0_80,Stocking_plate_1,A2,Lv1_destination_1,G8,8.4,(P)RPL18B
396,TU_0_80,Stocking_plate_2,A1,Lv1_destination_1,G8,8.4,(C)mTurquiose2
397,TU_0_80,Stocking_plate_1,B4,Lv1_destination_1,G8,8.4,(T)ISSA1
398,TU_0_80,Stocking_plate_1,A6,Lv1_destination_1,G8,8.4,(N)s|1
399,TU_0_80,GGAmix_plate,A1,Lv1_destination_1,G8,8.4,GGAmixture
400,TU_0_81,Stocking_plate_1,A2,Lv1_destination_1,G9,8.4,(P)RPL18B
401,TU_0_81,Stocking_plate_2,A1,Lv1_destination_1,G9,8.4,(C)mTurquiose2
402,TU_0_81,Stocking_plate_1,B4,Lv1_destination_1,G9,8.4,(T)ISSA1
403,TU_0_81,Stocking_plate_1,A6,Lv1_destination_1,G9,8.4,(N)s|1
404,TU_0_81,GGAmix_plate,A1,Lv1_destination_1,G9,8.4,GGAmixture
405,TU_0_82,Stocking_plate_1,A1,Lv1_destination_1,G10,8.4,(P)TDH
406,TU_0_82,Stocking_plate_2,B1,Lv1_destination_1,G10,8.4,(C)Venus
407,TU_0_82,Stocking_plate_1,C4,Lv1_destination_1,G10,8.4,(T)ADH1
408,TU_0_82,Stocking_plate_1,A5,Lv1_destination_1,G10,8.4,(N)1|2
409,TU_0_82,GGAmix_plate,A1,Lv1_destination_1,G10,8.4,GGAmixture
410,TU_0_83,Stocking_plate_1,A1,Lv1_destination_1,G11,8.4,(P)TDH
411,TU_0_83,Stocking_plate_2,B1,Lv1_destination_1,G11,8.4,(C)Venus
412,TU_0_83,Stocking_plate_1,C4,Lv1_destination_1,G11,8.4,(T)ADH1
413,TU_0_83,Stocking_plate_1,A5,Lv1_destination_1,G11,8.4,(N)1|2
414,TU_0_83,GGAmix_plate,A1,Lv1_destination_1,G11,8.4,GGAmixture
415,TU_0_84,Stocking_plate_1,A1,Lv1_destination_1,G12,8.4,(P)TDH
416,TU_0_84,Stocking_plate_2,B1,Lv1_destination_1,G12,8.4,(C)Venus
417,TU_0_84,Stocking_plate_1,C4,Lv1_destination_1,G12,8.4,(T)ADH1
418,TU_0_84,Stocking_plate_1,A5,Lv1_destination_1,G12,8.4,(N)1|2
419,TU_0_84,GGAmix_plate,A1,Lv1_destination_1,G12,8.4,GGAmixture
420,TU_0_85,Stocking_plate_1,A1,Lv1_destination_1,H1,8.4,(P)TDH
421,TU_0_85,Stocking_plate_2,B1,Lv1_destination_1,H1,8.4,(C)Venus
422,TU_0_85,Stocking_plate_1,A4,Lv1_destination_1,H1,8.4,(T)ENO1
423,TU_0_85,Stocking_plate_1,A5,Lv1_destination_1,H1,8.4,(N)1|2
424,TU_0_85,GGAmix_plate,A1,Lv1_destination_1,H1,8.4,GGAmixture
425,TU_0_86,Stocking_plate_1,A1,Lv1_destination_1,H2,8.4,(P)TDH
426,TU_0_86,Stocking_plate_2,B1,Lv1_destination_1,H2,8.4,(C)Venus
427,TU_0_86,Stocking_plate_1,A4,Lv1_destination_1,H2,8.4,(T)ENO1
428,TU_0_86,Stocking_plate_1,A5,Lv1_destination_1,H2,8.4,(N)1|2
429,TU_0_86,GGAmix_plate,A1,Lv1_destination_1,H2,8.4,GGAmixture
430,TU_0_87,Stocking_plate_1,A1,Lv1_destination_1,H3,8.4,(P)TDH
431,TU_0_87,Stocking_plate_2,B1,Lv1_destination_1,H3,8.4,(C)Venus
432,TU_0_87,Stocking_plate_1,A4,Lv1_destination_1,H3,8.4,(T)ENO1
433,TU_0_87,Stocking_plate_1,A5,Lv1_destination_1,H3,8.4,(N)1|2
434,TU_0_87,GGAmix_plate,A1,Lv1_destination_1,H3,8.4,GGAmixture
435,TU_0_88,Stocking_plate_1,A1,Lv1_destination_1,H4,8.4,(P)TDH
436,TU_0_88,Stocking_plate_2,B1,Lv1_destination_1,H4,8.4,(C)Venus
437,TU_0_88,Stocking_plate_1,B4,Lv1_destination_1,H4,8.4,(T)ISSA1
438,TU_0_88,Stocking_plate_1,A5,Lv1_destination_1,H4,8.4,(N)1|2
439,TU_0_88,GGAmix_plate,A1,Lv1_destination_1,H4,8.4,GGAmixture
440,TU_0_89,Stocking_plate_1,A1,Lv1_destination_1,H5,8.4,(P)TDH
441,TU_0_89,Stocking_plate_2,B1,Lv1_destination_1,H5,8.4,(C)Venus
442,TU_0_89,Stocking_plate_1,B4,Lv1_destination_1,H5,8.4,(T)ISSA1
443,TU_0_89,Stocking_plate_1,A5,Lv1_destination_1,H5,8.4,(N)1|2
444,TU_0_89,GGAmix_plate,A1,Lv1_destination_1,H5,8.4,GGAmixture
445,TU_0_90,Stocking_plate_1,A1,Lv1_destination_1,H6,8.4,(P)TDH
446,TU_0_90,Stocking_plate_2,B1,Lv1_destination_1,H6,8.4,(C)Venus
447,TU_0_90,Stocking_plate_1,B4,Lv1_destination_1,H6,8.4,(T)ISSA1
448,TU_0_90,Stocking_plate_1,A5,Lv1_destination_1,H6,8.4,(N)1|2
449,TU_0_90,GGAmix_plate,A1,Lv1_destination_1,H6,8.4,GGAmixture
450,TU_0_91,Stocking_plate_1,A1,Lv1_destination_1,H7,8.4,(P)TDH
451,TU_0_91,Stocking_plate_2,C1,Lv1_destination_1,H7,8.4,(C)mRuby2
452,TU_0_91,Stocking_plate_1,C4,Lv1_destination_1,H7,8.4,(T)ADH1
453,TU_0_91,Stocking_plate_1,B6,Lv1_destination_1,H7,8.4,(N)2|e
454,TU_0_91,GGAmix_plate,A1,Lv1_destination_1,H7,8.4,GGAmixture
455,TU_0_92,Stocking_plate_1,A1,Lv1_destination_1,H8,8.4,(P)TDH
456,TU_0_92,Stocking_plate_2,C1,Lv1_destination_1,H8,8.4,(C)mRuby2
457,TU_0_92,Stocking_plate_1,C4,Lv1_destination_1,H8,8.4,(T)ADH1
458,TU_0_92,Stocking_plate_1,B6,Lv1_destination_1,H8,8.4,(N)2|e
459,TU_0_92,GGAmix_plate,A1,Lv1_destination_1,H8,8.4,GGAmixture
460,TU_0_93,Stocking_plate_1,A1,Lv1_destination_1,H9,8.4,(P)TDH
461,TU_0_93,Stocking_plate_2,C1,Lv1_destination_1,H9,8.4,(C)mRuby2
462,TU_0_93,Stocking_plate_1,C4,Lv1_destination_1,H9,8.4,(T)ADH1
463,TU_0_93,Stocking_plate_1,B6,Lv1_destination_1,H9,8.4,(N)2|e
464,TU_0_93,GGAmix_plate,A1,Lv1_destination_1,H9,8.4,GGAmixture
465,TU_0_94,Stocking_plate_1,A1,Lv1_destination_1,H10,8.4,(P)TDH
466,TU_0_94,Stocking_plate_2,C1,Lv1_destination_1,H10,8.4,(C)mRuby2
467,TU_0_94,Stocking_plate_1,A4,Lv1_destination_1,H10,8.4,(T)ENO1
468,TU_0_94,Stocking_plate_1,B6,Lv1_destination_1,H10,8.4,(N)2|e
469,TU_0_94,GGAmix_plate,A1,Lv1_destination_1,H10,8.4,GGAmixture
470,TU_0_95,Stocking_plate_1,A1,Lv1_destination_1,H11,8.4,(P)TDH
471,TU_0_95,Stocking_plate_2,C1,Lv1_destination_1,H11,8.4,(C)mRuby2
472,TU_0_95,Stocking_plate_1,A4,Lv1_destination_1,H11,8.4,(T)ENO1
473,TU_0_95,Stocking_plate_1,B6,Lv1_destination_1,H11,8.4,(N)2|e
474,TU_0_95,GGAmix_plate,A1,Lv1_destination_1,H11,8.4,GGAmixture
475,TU_0_96,Stocking_plate_1,A1,Lv1_destination_1,H12,8.4,(P)TDH
476,TU_0_96,Stocking_plate_2,C1,Lv1_destination_1,H12,8.4,(C)mRuby2
477,TU_0_96,Stocking_plate_1,A4,Lv1_destination_1,H12,8.4,(T)ENO1
478,TU_0_96,Stocking_plate_1,B6,Lv1_destination_1,H12,8.4,(N)2|e
479,TU_0_96,GGAmix_plate,A1,Lv1_destination_1,H12,8.4,GGAmixture
480,TU_0_97,Stocking_plate_1,A1,Lv1_destination_2,A1,8.4,(P)TDH
481,TU_0_97,Stocking_plate_2,C1,Lv1_destination_2,A1,8.4,(C)mRuby2
482,TU_0_97,Stocking_plate_1,B4,Lv1_destination_2,A1,8.4,(T)ISSA1
483,TU_0_97,Stocking_plate_1,B6,Lv1_destination_2,A1,8.4,(N)2|e
484,TU_0_97,GGAmix_plate,A1,Lv1_destination_2,A1,8.4,GGAmixture
485,TU_0_98,Stocking_plate_1,A1,Lv1_destination_2,A2,8.4,(P)TDH
486,TU_0_98,Stocking_plate_2,C1,Lv1_destination_2,A2,8.4,(C)mRuby2
487,TU_0_98,Stocking_plate_1,B4,Lv1_destination_2,A2,8.4,(T)ISSA1
488,TU_0_98,Stocking_plate_1,B6,Lv1_destination_2,A2,8.4,(N)2|e
489,TU_0_98,GGAmix_plate,A1,Lv1_destination_2,A2,8.4,GGAmixture
490,TU_0_99,Stocking_plate_1,A1,Lv1_destination_2,A3,8.4,(P)TDH
491,TU_0_99,Stocking_plate_2,C1,Lv1_destination_2,A3,8.4,(C)mRuby2
492,TU_0_99,Stocking_plate_1,B4,Lv1_destination_2,A3,8.4,(T)ISSA1
493,TU_0_99,Stocking_plate_1,B6,Lv1_destination_2,A3,8.4,(N)2|e
494,TU_0_99,GGAmix_plate,A1,Lv1_destination_2,A3,8.4,GGAmixture
495,TU_0_100,Stocking_plate_1,A1,Lv1_destination_2,A4,8.4,(P)TDH
496,TU_0_100,Stocking_plate_2,A1,Lv1_destination_2,A4,8.4,(C)mTurquiose2
497,TU_0_100,Stocking_plate_1,C4,Lv1_destination_2,A4,8.4,(T)ADH1
498,TU_0_100,Stocking_plate_1,A6,Lv1_destination_2,A4,8.4,(N)s|1
499,TU_0_100,GGAmix_plate,A1,Lv1_destination_2,A4,8.4,GGAmixture
500,TU_0_101,Stocking_plate_1,A1,Lv1_destination_2,A5,8.4,(P)TDH
501,TU_0_101,Stocking_plate_2,A1,Lv1_destination_2,A5,8.4,(C)mTurquiose2
502,TU_0_101,Stocking_plate_1,C4,Lv1_destination_2,A5,8.4,(T)ADH1
503,TU_0_101,Stocking_plate_1,A6,Lv1_destination_2,A5,8.4,(N)s|1
504,TU_0_101,GGAmix_plate,A1,Lv1_destination_2,A5,8.4,GGAmixture
505,TU_0_102,Stocking_plate_1,A1,Lv1_destination_2,A6,8.4,(P)TDH
506,TU_0_102,Stocking_plate_2,A1,Lv1_destination_2,A6,8.4,(C)mTurquiose2
507,TU_0_102,Stocking_plate_1,C4,Lv1_destination_2,A6,8.4,(T)ADH1
508,TU_0_102,Stocking_plate_1,A6,Lv1_destination_2,A6,8.4,(N)s|1
509,TU_0_102,GGAmix_plate,A1,Lv1_destination_2,A6,8.4,GGAmixture
510,TU_0_103,Stocking_plate_1,A1,Lv1_destination_2,A7,8.4,(P)TDH
511,TU_0_103,Stocking_plate_2,A1,Lv1_destination_2,A7,8.4,(C)mTurquiose2
512,TU_0_103,Stocking_plate_1,A4,Lv1_destination_2,A7,8.4,(T)ENO1
513,TU_0_103,Stocking_plate_1,A6,Lv1_destination_2,A7,8.4,(N)s|1
514,TU_0_103,GGAmix_plate,A1,Lv1_destination_2,A7,8.4,GGAmixture
515,TU_0_104,Stocking_plate_1,A1,Lv1_destination_2,A8,8.4,(P)TDH
516,TU_0_104,Stocking_plate_2,A1,Lv1_destination_2,A8,8.4,(C)mTurquiose2
517,TU_0_104,Stocking_plate_1,A4,Lv1_destination_2,A8,8.4,(T)ENO1
518,TU_0_104,Stocking_plate_1,A6,Lv1_destination_2,A8,8.4,(N)s|1
519,TU_0_104,GGAmix_plate,A1,Lv1_destination_2,A8,8.4,GGAmixture
520,TU_0_105,Stocking_plate_1,A1,Lv1_destination_2,A9,8.4,(P)TDH
521,TU_0_105,Stocking_plate_2,A1,Lv1_destination_2,A9,8.4,(C)mTurquiose2
522,TU_0_105,Stocking_plate_1,A4,Lv1_destination_2,A9,8.4,(T)ENO1
523,TU_0_105,Stocking_plate_1,A6,Lv1_destination_2,A9,8.4,(N)s|1
524,TU_0_105,GGAmix_plate,A1,Lv1_destination_2,A9,8.4,GGAmixture
525,TU_0_106,Stocking_plate_1,A1,Lv1_destination_2,A10,8.4,(P)TDH
526,TU_0_106,Stocking_plate_2,A1,Lv1_destination_2,A10,8.4,(C)mTurquiose2
527,TU_0_106,Stocking_plate_1,B4,Lv1_destination_2,A10,8.4,(T)ISSA1
528,TU_0_106,Stocking_plate_1,A6,Lv1_destination_2,A10,8.4,(N)s|1
529,TU_0_106,GGAmix_plate,A1,Lv1_destination_2,A10,8.4,GGAmixture
530,TU_0_107,Stocking_plate_1,A1,Lv1_destination_2,A11,8.4,(P)TDH
531,TU_0_107,Stocking_plate_2,A1,Lv1_destination_2,A11,8.4,(C)mTurquiose2
532,TU_0_107,Stocking_plate_1,B4,Lv1_destination_2,A11,8.4,(T)ISSA1
533,TU_0_107,Stocking_plate_1,A6,Lv1_destination_2,A11,8.4,(N)s|1
534,TU_0_107,GGAmix_plate,A1,Lv1_destination_2,A11,8.4,GGAmixture
535,TU_0_108,Stocking_plate_1,A1,Lv1_destination_2,A12,8.4,(P)TDH
536,TU_0_108,Stocking_plate_2,A1,Lv1_destination_2,A12,8.4,(C)mTurquiose2
537,TU_0_108,Stocking_plate_1,B4,Lv1_destination_2,A12,8.4,(T)ISSA1
538,TU_0_108,Stocking_plate_1,A6,Lv1_destination_2,A12,8.4,(N)s|1
539,TU_0_108,GGAmix_plate,A1,Lv1_destination_2,A12,8.4,GGAmixture
